Year	Institution Name	Undergrads	RealWhite	RealBlack	RealHispanic	RealAsian	RealUnknown	American Indian	Multi-Racial
1996	Community College of the Air Force	44141	0.7966	0.1536	0.0302	0.0033	0	0	0
1996	Miami Dade College	41150	0.135	0.2065	0.6162	0.0008	0.0262	0	0
1996	University of Minnesota (Twin Cities)	37087	0.7679	0.0352	0.0175	0.0061	0.0921	0	0
1996	Ohio State University	35314	0.8016	0.0728	0.0183	0.0032	0.0533	0	0
1996	The University of Texas at Austin	34436	0.6482	0.042	0.1483	0.0044	0.0309	0	0
1996	Texas A&M University	34298	0.8021	0.0329	0.107	0.0032	0.0217	0	0
1996	Michigan State University	32050	0.8245	0.0813	0.0217	0.0055	0.0281	0	0
1996	Houston Community College System	31787	0.4161	0.2279	0.206	0.0035	0.0051	0	0
1996	Pennsylvania State University	31649	0.8851	0.03	0.0238	0.0013	0.0082	0	0
1996	Arizona State University	30680	0.7392	0.0291	0.1024	0.0214	0.0635	0	0
1996	Purdue University	29269	0.8726	0.0354	0.0205	0.0047	0.031	0	0
1996	University of Florida	28463	0.7547	0.066	0.1037	0.0027	0.0112	0	0
1996	Brigham Young University	28418	0.8689	0.0027	0.0195	0.0063	0.0839	0	0
1996	College of DuPage	26847	0.8224	0.0306	0.0394	0.0016	0.0266	0	0
1996	University of Wisconsin–Madison	26644	0.8699	0.0191	0.0213	0.005	0.0402	0	0
1996	University of Illinois at Urbana-Champaign	26311	0.7228	0.0723	0.0536	0.0022	0.0211	0	0
1996	Pima Community College	26139	0.5964	0.0389	0.2734	0.0345	0.0291	0	0
1996	Indiana University (Bloomington)	25451	0.8773	0.0383	0.0189	0.0023	0.0325	0	0
1996	University of Arizona	25158	0.7119	0.0263	0.1424	0.0217	0.0426	0	0
1996	Rutgers University (New Brunswick)	25157	0.5918	0.0832	0.0828	0.0033	0.0678	0	0
1996	University of Washington	25017	0.6707	0.0339	0.0381	0.016	0.0214	0	0
1996	University of South Florida	24313	0.7438	0.0963	0.0897	0.0031	0.0193	0	0
1996	San Diego State University	24239	0.4544	0.0586	0.208	0.0103	0.1158	0	0
1996	University of California (Los Angeles)	23912	0.3305	0.0601	0.1691	0.0097	0.0535	0	0
1996	University of Michigan	23590	0.6733	0.0881	0.044	0.007	0.0762	0	0
1997	Miami Dade College	41800	0.1198	0.2035	0.6352	0.0008	0.0249	0	0
1997	Community College of the Air Force	41694	0.7926	0.1599	0.0277	0.0035	0	0	0
1997	The University of Texas at Austin	35701	0.6546	0.0374	0.143	0.005	0.0291	0	0
1997	Ohio State University	35418	0.7943	0.076	0.0169	0.0039	0.0559	0	0
1997	Texas A&M University	33926	0.8009	0.0312	0.1056	0.0039	0.025	0	0
1997	Michigan State University	33032	0.8199	0.0838	0.0214	0.0062	0.0301	0	0
1997	Pennsylvania State University	32903	0.8773	0.0333	0.0256	0.0013	0.0095	0	0
1997	Arizona State University	32537	0.7329	0.0301	0.1047	0.0224	0.0624	0	0
1997	Houston Community College System	30710	0.3927	0.2366	0.2135	0.0029	0.0083	0	0
1997	University of Florida	30100	0.7554	0.067	0.1002	0.0032	0.0128	0	0
1997	Purdue University	29762	0.86	0.0389	0.0203	0.0058	0.0405	0	0
1997	Brigham Young University	29259	0.8818	0.0024	0.0196	0.0057	0.0709	0	0
1997	University of Wisconsin–Madison	27292	0.8718	0.0187	0.0214	0.0043	0.0397	0	0
1997	Pima Community College	26429	0.5932	0.0355	0.2745	0.0362	0.0318	0	0
1997	University of Illinois at Urbana-Champaign	26391	0.7187	0.0734	0.0534	0.0021	0.0234	0	0
1997	College of DuPage	26192	0.824	0.0297	0.0419	0.0017	0.0164	0	0
1997	University of Minnesota (Twin Cities)	26072	0.8046	0.0371	0.0191	0.0079	0.0469	0	0
1997	Rutgers University (New Brunswick)	25883	0.5669	0.0824	0.0816	0.0032	0.091	0	0
1997	Indiana University (Bloomington)	25852	0.8725	0.0386	0.0184	0.0025	0.0374	0	0
1997	University of Washington	25514	0.5876	0.0328	0.0403	0.016	0.1012	0	0
1997	San Diego State University	24899	0.4421	0.0562	0.2143	0.0094	0.1267	0	0
1997	University of Arizona	24769	0.6976	0.0256	0.1492	0.0237	0.0486	0	0
1997	University of Michigan	23939	0.6654	0.0879	0.0429	0.0071	0.0842	0	0
1997	University of California (Los Angeles)	23924	0.3349	0.0588	0.1649	0.0085	0.0561	0	0
1997	Salt Lake Community College	23590	0.8344	0.007	0.0475	0.0086	0.0672	0	0
1998	Miami Dade College	41172	0.1135	0.2079	0.6386	0.0008	0.0243	0	0
1998	The University of Texas at Austin	36107	0.6499	0.0355	0.1394	0.005	0.0323	0	0
1998	Ohio State University	36042	0.7979	0.0768	0.0173	0.0034	0.052	0	0
1998	Texas A&M University	35854	0.803	0.0296	0.1022	0.0045	0.0272	0	0
1998	Michigan State University	33835	0.8158	0.0857	0.0231	0.006	0.0296	0	0
1998	Pennsylvania State University	33614	0.8696	0.0371	0.0284	0.0013	0.0093	0	0
1998	Arizona State University	32310	0.7283	0.0301	0.1092	0.0226	0.0616	0	0
1998	Houston Community College System	31810	0.3721	0.2416	0.2208	0.0033	0.0117	0	0
1998	Purdue University	30873	0.8574	0.0368	0.02	0.0057	0.0475	0	0
1998	University of Florida	30578	0.7516	0.0686	0.1009	0.0031	0.013	0	0
1998	Brigham Young University	29460	0.8963	0.0027	0.0213	0.0054	0.052	0	0
1998	University of Minnesota (Twin Cities)	27580	0.8038	0.0384	0.021	0.0071	0.0477	0	0
1998	University of Wisconsin–Madison	27491	0.8722	0.0195	0.0226	0.0048	0.039	0	0
1998	University of Illinois at Urbana-Champaign	27070	0.7127	0.0743	0.0534	0.0023	0.0256	0	0
1998	Indiana University (Bloomington)	26792	0.8709	0.0393	0.019	0.0029	0.0386	0	0
1998	Rutgers University (New Brunswick)	26483	0.5644	0.0813	0.0794	0.0029	0.095	0	0
1998	College of DuPage	26257	0.8059	0.032	0.0461	0.0013	0.0202	0	0
1998	San Diego State University	25773	0.4392	0.0524	0.2168	0.0098	0.1326	0	0
1998	University of Arizona	25138	0.6961	0.027	0.1465	0.0242	0.0518	0	0
1998	University of Washington	25021	0.5712	0.0302	0.0406	0.0149	0.1178	0	0
1998	Pima Community College	24737	0.5741	0.0369	0.2842	0.0342	0.0424	0	0
1998	University of Central Florida	24357	0.746	0.0731	0.1049	0.0048	0.0234	0	0
1998	University of California (Los Angeles)	24101	0.3276	0.0541	0.155	0.0073	0.083	0	0
1998	University of Michigan	24015	0.6581	0.0862	0.042	0.0072	0.0939	0	0
1998	Florida State University	23808	0.7654	0.1197	0.0735	0.0042	0.0118	0	0
1999	Miami Dade College	42083	0.1055	0.2085	0.6431	0.0005	0.029	0	0
1999	The University of Texas at Austin	36164	0.6456	0.0345	0.138	0.0046	0.032	0	0
1999	Texas A&M University	36045	0.8135	0.0266	0.0942	0.0047	0.0281	0	0
1999	Ohio State University	35883	0.7949	0.0779	0.0182	0.0036	0.0511	0	0
1999	Michigan State University	33687	0.8156	0.0874	0.0239	0.0058	0.0272	0	0
1999	Pennsylvania State University	33209	0.8664	0.0407	0.0292	0.0014	0.011	0	0
1999	Arizona State University	32927	0.7165	0.0305	0.1064	0.0221	0.077	0	0
1999	Houston Community College System	32118	0.3508	0.2504	0.233	0.0028	0.0139	0	0
1999	Purdue University	31428	0.8549	0.0339	0.02	0.0052	0.0545	0	0
1999	University of Florida	30883	0.74	0.0727	0.1046	0.004	0.0148	0	0
1999	Brigham Young University	29916	0.8967	0.0028	0.0221	0.0059	0.0494	0	0
1999	University of Wisconsin–Madison	27869	0.8693	0.0204	0.0234	0.005	0.0389	0	0
1999	University of Illinois at Urbana-Champaign	27492	0.7127	0.0728	0.0541	0.0021	0.0275	0	0
1999	Indiana University (Bloomington)	27461	0.8692	0.0403	0.0192	0.0027	0.0392	0	0
1999	Rutgers University (New Brunswick)	27238	0.5662	0.0795	0.0762	0.0019	0.0954	0	0
1999	University of Minnesota (Twin Cities)	26968	0.8022	0.0391	0.02	0.0077	0.0514	0	0
1999	College of DuPage	26330	0.7908	0.0362	0.0508	0.0011	0.0249	0	0
1999	University of Central Florida	25749	0.7334	0.0763	0.107	0.0057	0.0297	0	0
1999	San Diego State University	25631	0.4452	0.049	0.211	0.0087	0.1399	0	0
1999	University of Arizona	25363	0.6923	0.0289	0.1457	0.0232	0.0547	0	0
1999	University of Washington	25346	0.559	0.0273	0.0383	0.0128	0.1391	0	0
1999	Florida State University	25040	0.7592	0.1232	0.0763	0.0044	0.0109	0	0
1999	University of South Florida	24787	0.7024	0.1063	0.0995	0.0038	0.0331	0	0
1999	Louisiana State University	24771	0.7911	0.0922	0.0237	0.0041	0.05	0	0
1999	University of California (Los Angeles)	24667	0.3376	0.0473	0.1461	0.006	0.0926	0	0
2000	Miami Dade College	46834	0.1142	0.208	0.6304	0.0004	0.0348	0	0
2000	Houston Community College System	40929	0.3346	0.2376	0.269	0.0032	0.0138	0	0
2000	City College of San Francisco	39386	0.264	0.086	0.1591	0.005	0.0845	0	0
2000	The University of Texas at Austin	38162	0.6378	0.034	0.135	0.0046	0.0393	0	0
2000	Northern Virginia Community College	37073	0.573	0.1517	0.0981	0.0189	0.0356	0	0
2000	Texas A&M University	36229	0.8149	0.0245	0.0911	0.0047	0.0311	0	0
2000	Ohio State University	35749	0.792	0.078	0.0192	0.0038	0.0523	0	0
2000	Pennsylvania State University	34406	0.8614	0.0395	0.0305	0.0012	0.0176	0	0
2000	Michigan State University	34342	0.805	0.0877	0.0243	0.0061	0.0327	0	0
2000	Arizona State University	33985	0.7146	0.0315	0.109	0.0214	0.0746	0	0
2000	University of Florida	32680	0.722	0.081	0.1071	0.0052	0.0178	0	0
2000	Purdue University	32669	0.8516	0.031	0.0196	0.004	0.0601	0	0
2000	University of Minnesota (Twin Cities)	31824	0.757	0.0396	0.018	0.0062	0.1003	0	0
2000	Community College of Southern Nevada	29905	0.5656	0.0958	0.1493	0.0112	0.0846	0	0
2000	University of Wisconsin–Madison	29697	0.8708	0.0205	0.0218	0.0047	0.0409	0	0
2000	Brigham Young University	29688	0.8942	0.0026	0.0226	0.0056	0.052	0	0
2000	Indiana University (Bloomington)	29383	0.8594	0.0392	0.0187	0.0025	0.049	0	0
2000	College of DuPage	28862	0.7232	0.0368	0.1014	0.0019	0.0258	0	0
2000	American River College	28420	0.6462	0.0809	0.1032	0.0217	0.0551	0	0
2000	University of Illinois at Urbana-Champaign	28414	0.6885	0.0689	0.056	0.0018	0.0552	0	0
2000	Mt. San Antonio College	28329	0.2468	0.06	0.3775	0.0066	0.0795	0	0
2000	University of Central Florida	28252	0.7227	0.0769	0.1088	0.0062	0.0369	0	0
2000	Pima Community College	28078	0.5356	0.0374	0.2766	0.0349	0.0857	0	0
2000	Rutgers University (New Brunswick)	27938	0.56	0.0817	0.0752	0.0019	0.0967	0	0
2000	Santa Monica College	27868	0.3281	0.1002	0.2393	0.0058	0.1803	0	0
2001	Miami Dade College	43447	0.0949	0.2063	0.6466	0.0003	0.0412	0	0
2001	The University of Texas at Austin	37655	0.6262	0.035	0.1358	0.0042	0.0389	0	0
2001	Texas A&M University	36571	0.8212	0.0243	0.0898	0.0051	0.0267	0	0
2001	Ohio State University	34586	0.789	0.0797	0.0206	0.0044	0.0518	0	0
2001	Arizona State University	34095	0.7145	0.0315	0.1076	0.0222	0.0731	0	0
2001	Pennsylvania State University	33505	0.8598	0.0404	0.0311	0.0012	0.0173	0	0
2001	University of Florida	32598	0.7207	0.0797	0.1074	0.0054	0.019	0	0
2001	Purdue University	31746	0.8475	0.0299	0.0198	0.0043	0.0607	0	0
2001	Brigham Young University	29815	0.8835	0.0029	0.025	0.0063	0.0562	0	0
2001	University of Central Florida	29726	0.7126	0.0785	0.1088	0.0067	0.0436	0	0
2001	Austin Community College	29322	0.6208	0.0665	0.2111	0.0092	0.0303	0	0
2001	Indiana University (Bloomington)	29125	0.8652	0.0408	0.0187	0.0021	0.0427	0	0
2001	University of Wisconsin–Madison	28446	0.8741	0.0218	0.0222	0.0048	0.0349	0	0
2001	San Diego State University	28042	0.4462	0.0425	0.2049	0.0075	0.153	0	0
2001	Rutgers University (New Brunswick)	27927	0.5615	0.0829	0.0791	0.0018	0.0814	0	0
2001	University of Illinois at Urbana-Champaign	27740	0.6996	0.0696	0.059	0.0019	0.0371	0	0
2001	California State University (Long Beach)	27723	0.3248	0.0656	0.2261	0.0058	0.1666	0	0
2001	University of Minnesota (Twin Cities)	27699	0.8024	0.0396	0.0189	0.0066	0.0498	0	0
2001	Michigan State University	27657	0.808	0.0861	0.0246	0.0056	0.0309	0	0
2001	University of South Florida	27385	0.6801	0.1209	0.1032	0.0041	0.0343	0	0
2001	Florida State University	26959	0.7418	0.1217	0.0889	0.0045	0.0149	0	0
2001	University of Arizona	26878	0.6851	0.0277	0.1449	0.0201	0.0642	0	0
2001	North Harris Montgomery Community College District	26624	0.651	0.1048	0.1535	0.0049	0.0323	0	0
2001	University of Washington	26577	0.5472	0.0259	0.0357	0.0112	0.1475	0	0
2001	College of DuPage	26349	0.7713	0.0409	0.0593	0.0014	0.0217	0	0
2002	Miami Dade College	47569	0.0926	0.2108	0.6469	0.0004	0.0386	0	0
2002	The University of Texas at Austin	38748	0.6164	0.0347	0.1381	0.0044	0.0389	0	0
2002	Texas A&M University	36743	0.8248	0.024	0.0898	0.0051	0.0242	0	0
2002	Austin Community College	35576	0.6046	0.068	0.2185	0.0093	0.0421	0	0
2002	Arizona State University	35573	0.7121	0.0322	0.1121	0.0221	0.0706	0	0
2002	Ohio State University	35447	0.7824	0.0816	0.0218	0.0046	0.0543	0	0
2002	Pennsylvania State University	33863	0.8521	0.0411	0.0319	0.0012	0.0205	0	0
2002	University of Florida	33094	0.712	0.0839	0.1123	0.0053	0.0174	0	0
2002	University of Central Florida	31808	0.7055	0.0819	0.1117	0.0064	0.0443	0	0
2002	Purdue University	31565	0.8372	0.0319	0.0213	0.0042	0.0623	0	0
2002	University of Phoenix (Online Campus)	30686	0.1438	0.0195	0.0116	0.0024	0.8159	0	0
2002	North Harris Montgomery Community College District	30188	0.6244	0.1065	0.1632	0.0041	0.0429	0	0
2002	Indiana University (Bloomington)	29768	0.8624	0.0385	0.0194	0.0019	0.0464	0	0
2002	Brigham Young University	29379	0.8738	0.004	0.0281	0.0069	0.0565	0	0
2002	University of South Florida	28738	0.675	0.1237	0.1078	0.0043	0.0313	0	0
2002	Florida State University	28583	0.7327	0.1205	0.0936	0.0039	0.0198	0	0
2002	University of Wisconsin–Madison	28363	0.8711	0.0232	0.0236	0.005	0.0319	0	0
2002	California State University (Long Beach)	28310	0.3219	0.0596	0.2278	0.006	0.1669	0	0
2002	University of Minnesota (Twin Cities)	28103	0.8044	0.042	0.0189	0.0064	0.0452	0	0
2002	San Diego State University	28004	0.4462	0.0415	0.2036	0.0071	0.1551	0	0
2002	Michigan State University	27902	0.8013	0.0858	0.0252	0.0065	0.0327	0	0
2002	University of Illinois at Urbana-Champaign	27879	0.6932	0.0711	0.0608	0.0021	0.0411	0	0
2002	Rutgers University (New Brunswick)	27539	0.561	0.0837	0.0789	0.0021	0.0752	0	0
2002	University of Arizona	27539	0.6756	0.0293	0.1468	0.0188	0.0744	0	0
2002	College of DuPage	26796	0.7659	0.0439	0.0624	0.0018	0.0199	0	0
2003	Miami Dade College	51901	0.089	0.2174	0.6455	0.0005	0.0374	0	0
2003	University of Phoenix (Online Campus)	47400	0.4292	0.0839	0.0448	0.007	0.4167	0	0
2003	The University of Texas at Austin	37480	0.6053	0.0366	0.1441	0.0039	0.0391	0	0
2003	Arizona State University	37336	0.7032	0.0355	0.1191	0.0232	0.0669	0	0
2003	Ohio State University	36224	0.7845	0.0801	0.023	0.0043	0.0527	0	0
2003	Texas A&M University	36021	0.8246	0.0237	0.0934	0.005	0.0221	0	0
2003	Michigan State University	34617	0.7896	0.0874	0.0273	0.0068	0.0349	0	0
2003	North Harris Montgomery Community College District	34390	0.6017	0.1104	0.1726	0.0044	0.0582	0	0
2003	University of Central Florida	34064	0.6939	0.0829	0.1179	0.0055	0.0505	0	0
2003	Pennsylvania State University	34056	0.8465	0.0418	0.0326	0.0009	0.0227	0	0
2003	University of Florida	33455	0.7019	0.0856	0.1198	0.0053	0.0182	0	0
2003	Purdue University	31596	0.8309	0.0337	0.0227	0.0042	0.062	0	0
2003	University of South Florida	31166	0.6685	0.1271	0.1093	0.0049	0.0314	0	0
2003	Austin Community College	30638	0.6042	0.0718	0.2177	0.0087	0.0447	0	0
2003	Brigham Young University	29932	0.8691	0.0044	0.0316	0.0071	0.0565	0	0
2003	Indiana University (Bloomington)	29768	0.8583	0.0391	0.02	0.0021	0.0487	0	0
2003	Florida State University	29129	0.7327	0.1175	0.0993	0.0039	0.0162	0	0
2003	University of Minnesota (Twin Cities)	28747	0.794	0.0438	0.0198	0.0063	0.0465	0	0
2003	California State University (Long Beach)	28338	0.3279	0.0597	0.2363	0.0062	0.1571	0	0
2003	Tarrant County College District	28296	0.6352	0.1413	0.1527	0.0072	0.0085	0	0
2003	University of Illinois at Urbana-Champaign	28230	0.6807	0.0756	0.064	0.0026	0.0492	0	0
2003	University of Wisconsin–Madison	28217	0.865	0.0239	0.0242	0.0053	0.0338	0	0
2003	University of Washington	27962	0.5286	0.0261	0.0352	0.0103	0.1545	0	0
2003	University of Arizona	27764	0.6659	0.0296	0.1489	0.0187	0.0802	0	0
2003	California State University (Fullerton)	27071	0.3299	0.0294	0.2548	0.0061	0.154	0	0
2004	University of Phoenix (Online Campus)	75851	0.4408	0.0955	0.0492	0.0073	0.3873	0	0
2004	Miami Dade College	50665	0.0868	0.2152	0.65	0.0004	0.0367	0	0
2004	Arizona State University at the Tempe Campus	38117	0.6969	0.0358	0.1219	0.0231	0.07	0	0
2004	The University of Texas at Austin	36478	0.5961	0.0378	0.152	0.0042	0.0376	0	0
2004	Ohio State University	36097	0.7878	0.0773	0.0244	0.004	0.0517	0	0
2004	Texas A&M University	35672	0.8181	0.0234	0.101	0.0054	0.0194	0	0
2004	North Harris Montgomery Community College District	35648	0.577	0.1123	0.1822	0.0042	0.0717	0	0
2004	Austin Community College	35622	0.6013	0.0727	0.2286	0.0075	0.0411	0	0
2004	Michigan State University	35107	0.7901	0.0838	0.0277	0.0067	0.0368	0	0
2004	University of Central Florida	34890	0.6908	0.0842	0.1246	0.0052	0.0455	0	0
2004	Pennsylvania State University	33958	0.8449	0.0415	0.0322	0.001	0.0231	0	0
2004	University of Florida	33129	0.6981	0.0872	0.1215	0.0044	0.0193	0	0
2004	University of South Florida	32458	0.6587	0.1255	0.1063	0.0043	0.0493	0	0
2004	Purdue University	31594	0.8292	0.0344	0.0241	0.0045	0.0588	0	0
2004	Brigham Young University	30617	0.8272	0.0045	0.033	0.0071	0.0976	0	0
2004	Florida State University	29820	0.7256	0.1172	0.1047	0.0038	0.0194	0	0
2004	Indiana University (Bloomington)	29062	0.8478	0.0416	0.022	0.0023	0.0543	0	0
2004	University of Illinois at Urbana-Champaign	28931	0.6819	0.0685	0.0641	0.0025	0.0538	0	0
2004	University of Minnesota (Twin Cities)	28740	0.7929	0.0446	0.0203	0.0066	0.0433	0	0
2004	Tarrant County College District	28676	0.6232	0.1443	0.155	0.0061	0.0167	0	0
2004	University of Arizona	27853	0.6554	0.0306	0.1522	0.0193	0.0861	0	0
2004	University of Wisconsin–Madison	27852	0.8586	0.0247	0.0265	0.006	0.0339	0	0
2004	California State University (Long Beach)	27386	0.3262	0.0578	0.2436	0.0065	0.1496	0	0
2004	California State University (Fullerton)	27335	0.328	0.031	0.2617	0.0057	0.1493	0	0
2004	Broward College	27035	0.316	0.2926	0.2215	0.0024	0.136	0	0
2005	University of Phoenix (Online Campus)	70845	0.4815	0.1114	0.0581	0.0087	0.3143	0	0
2005	Western International University	49837	0.5337	0.1666	0.08	0.0121	0.1921	0	0
2005	Miami Dade College	48361	0.0864	0.2049	0.6534	0.0005	0.0435	0	0
2005	North Harris Montgomery Community College District	39771	0.5547	0.1128	0.1891	0.0037	0.0828	0	0
2005	Arizona State University at the Tempe Campus	39649	0.6877	0.0372	0.126	0.024	0.0716	0	0
2005	University of Central Florida	37507	0.6821	0.0865	0.1302	0.0044	0.045	0	0
2005	Texas A&M University	36312	0.7992	0.0264	0.1097	0.005	0.0242	0	0
2005	Ohio State University	36029	0.7919	0.0754	0.0253	0.0041	0.0496	0	0
2005	The University of Texas at Austin	35734	0.5839	0.0405	0.1628	0.0044	0.037	0	0
2005	Michigan State University	35330	0.7847	0.0862	0.0286	0.0073	0.0385	0	0
2005	University of Florida	34028	0.684	0.0884	0.127	0.0034	0.0247	0	0
2005	Pennsylvania State University	33672	0.8465	0.0404	0.0324	0.001	0.0216	0	0
2005	University of South Florida	32895	0.6528	0.1257	0.1103	0.0041	0.0504	0	0
2005	Austin Community College	31908	0.5985	0.0747	0.2337	0.0072	0.0359	0	0
2005	Purdue University	31664	0.8251	0.0351	0.0262	0.0046	0.0581	0	0
2005	Tarrant County College District	30877	0.616	0.1441	0.1677	0.0052	0.0124	0	0
2005	Brigham Young University	30798	0.8582	0.0052	0.0365	0.0073	0.0586	0	0
2005	University of Illinois at Urbana-Champaign	30251	0.6805	0.0662	0.0644	0.0029	0.0588	0	0
2005	Florida State University	30206	0.7259	0.1159	0.1057	0.0035	0.0203	0	0
2005	California State University (Fullerton)	29580	0.3249	0.0353	0.2709	0.0049	0.1405	0	0
2005	Indiana University (Bloomington)	29120	0.8469	0.0458	0.0216	0.0023	0.0494	0	0
2005	University of Minnesota (Twin Cities)	28957	0.7916	0.0458	0.0211	0.0081	0.0403	0	0
2005	American Intercontinental University Online	28864	0.5074	0.2294	0.083	0.0107	0.1447	0	0
2005	California State University (Long Beach)	28719	0.3237	0.0559	0.2518	0.0064	0.1415	0	0
2005	Northern Virginia Community College	28368	0.53	0.1608	0.1252	0.0126	0.0269	0	0
2006	University of Phoenix (Online Campus)	118453	0.3226	0.0905	0.0429	0.0067	0.5196	0	0
2006	Miami Dade College	45545	0.0857	0.1975	0.6589	0.0004	0.0463	0	0
2006	North Harris Montgomery Community College District	40722	0.5264	0.112	0.2079	0.0033	0.0903	0	0
2006	University of Central Florida	39257	0.6846	0.0837	0.1315	0.0042	0.0455	0	0
2006	Arizona State University at the Tempe Campus	38984	0.6886	0.039	0.13	0.022	0.0663	0	0
2006	Ohio State University	37088	0.8003	0.0722	0.0258	0.0042	0.0446	0	0
2006	Texas A&M University	36490	0.7923	0.0286	0.1187	0.0054	0.0152	0	0
2006	The University of Texas at Austin	36241	0.5715	0.0427	0.1723	0.0048	0.0382	0	0
2006	Pennsylvania State University	35710	0.8488	0.0403	0.0321	0.001	0.0209	0	0
2006	Michigan State University	35521	0.7822	0.0839	0.0296	0.0071	0.0431	0	0
2006	University of Florida	34534	0.6625	0.0964	0.1316	0.0034	0.0321	0	0
2006	University of South Florida	33583	0.6512	0.1242	0.1189	0.0045	0.0432	0	0
2006	Austin Community College	33039	0.5892	0.0774	0.2426	0.0089	0.0336	0	0
2006	Purdue University	32089	0.8216	0.0352	0.0272	0.005	0.0574	0	0
2006	Tarrant County College District	31499	0.5977	0.1513	0.1752	0.0052	0.0118	0	0
2006	Florida State University	30841	0.73	0.1128	0.1077	0.0059	0.0122	0	0
2006	University of Illinois at Urbana-Champaign	30721	0.6714	0.0692	0.0689	0.003	0.0639	0	0
2006	California State University (Fullerton)	30703	0.3173	0.0368	0.2824	0.005	0.1325	0	0
2006	Brigham Young University	30480	0.8629	0.0054	0.0387	0.0071	0.0486	0	0
2006	California State University (Long Beach)	29795	0.3181	0.0549	0.2575	0.0065	0.1336	0	0
2006	Florida International University	29793	0.1615	0.1337	0.6267	0.0014	0.0382	0	0
2006	Northern Virginia Community College	29268	0.5087	0.165	0.1327	0.0102	0.0357	0	0
2006	Indiana University (Bloomington)	29258	0.8428	0.0452	0.0224	0.0025	0.0521	0	0
2006	University of Minnesota (Twin Cities)	28645	0.7883	0.0474	0.0206	0.0091	0.0383	0	0
2006	California State University (Northridge)	28491	0.297	0.0853	0.2868	0.0044	0.2022	0	0
2007	University of Phoenix (Online Campus)	175200	0.3893	0.1308	0.0577	0.0086	0.3945	0	0
2007	Miami Dade College	47381	0.0802	0.1871	0.6691	0.0007	0.0519	0	0
2007	University of Central Florida	40983	0.6767	0.0857	0.135	0.0043	0.0459	0	0
2007	Arizona State University at the Tempe Campus	38597	0.6796	0.0396	0.1344	0.0205	0.0706	0	0
2007	Ohio State University	37848	0.8047	0.0693	0.0264	0.0039	0.044	0	0
2007	Texas A&M University	37289	0.7819	0.0293	0.1248	0.0057	0.0146	0	0
2007	The University of Texas at Austin	36881	0.5533	0.0468	0.1787	0.0046	0.0417	0	0
2007	Tarrant County College District	35914	0.5855	0.1517	0.1837	0.0045	0.0144	0	0
2007	Pennsylvania State University	35875	0.8444	0.0407	0.0353	0.001	0.0245	0	0
2007	Michigan State University	35772	0.7779	0.0809	0.0289	0.0072	0.0537	0	0
2007	University of Florida	34534	0.6456	0.1025	0.1362	0.0034	0.0352	0	0
2007	University of South Florida	33999	0.6457	0.1257	0.1291	0.0048	0.0348	0	0
2007	Northern Virginia Community College	32624	0.498	0.1673	0.1391	0.0083	0.0377	0	0
2007	North Harris Montgomery Community College District	32088	0.4962	0.1234	0.2402	0.0043	0.0738	0	0
2007	Purdue University	31966	0.8127	0.036	0.0287	0.005	0.0635	0	0
2007	California State University (Fullerton)	31750	0.3075	0.0378	0.2958	0.0052	0.1303	0	0
2007	Florida State University	31231	0.7274	0.1099	0.1126	0.0065	0.0107	0	0
2007	Kaplan University	31122	0.0116	0.0023	0.0008	0.0001	0.985	0	0
2007	Brigham Young University	30873	0.8591	0.0041	0.0336	0.0066	0.0621	0	0
2007	California State University (Long Beach)	30746	0.3098	0.0564	0.2653	0.0063	0.1279	0	0
2007	University of Illinois at Urbana-Champaign	30395	0.6616	0.0673	0.0697	0.0027	0.07	0	0
2007	San Diego State University	29810	0.4527	0.0415	0.2175	0.0066	0.1234	0	0
2007	California State University (Northridge)	29760	0.3011	0.09	0.2865	0.0042	0.1929	0	0
2007	Indiana University (Bloomington)	29734	0.831	0.0445	0.0233	0.0026	0.0617	0	0
2007	Florida International University	29556	0.1564	0.1259	0.6389	0.0016	0.0397	0	0
2008	University of Phoenix (Online Campus)	241832	0.4332	0.1687	0.0662	0.01	0.3028	0	0
2008	Arizona State University	52883	0.654	0.0462	0.1525	0.0229	0.0679	0	0
2008	Miami Dade College	49480	0.0802	0.1723	0.6851	0.0008	0.0506	0	0
2008	University of Central Florida	42548	0.667	0.0899	0.1433	0.0041	0.0417	0	0
2008	Kaplan University	41357	0.0111	0.0017	0.001	0.0001	0.9772	0	0
2008	Ohio State University	38719	0.7987	0.0666	0.0271	0.0037	0.0517	0	0
2008	Texas A&M University	38332	0.7652	0.0317	0.1353	0.0058	0.0161	0	0
2008	Tarrant County College District	38178	0.5705	0.1553	0.1949	0.0053	0.0119	0	0
2008	Pennsylvania State University	37171	0.8338	0.041	0.0358	0.001	0.0321	0	0
2008	The University of Texas at Austin	36711	0.5446	0.0487	0.1819	0.0045	0.043	0	0
2008	Michigan State University	35854	0.7651	0.081	0.0289	0.0073	0.0668	0	0
2008	University of South Florida	35104	0.6454	0.1217	0.1377	0.0049	0.0302	0	0
2008	Northern Virginia Community College	34202	0.4217	0.1671	0.1427	0.0077	0.1094	0	0
2008	University of Florida	34094	0.6284	0.1022	0.1456	0.0048	0.0364	0	0
2008	Houston Community College System	32836	0.1916	0.2441	0.2769	0.0019	0.1731	0	0
2008	Lone Star College System	32782	0.4685	0.1278	0.2544	0.0045	0.08	0	0
2008	Purdue University	32671	0.8053	0.0342	0.0292	0.0056	0.0719	0	0
2008	Excelsior College	32457	0.5794	0.1738	0.0544	0.0075	0.1417	0	0
2008	City College of San Francisco	32134	0.2591	0.0811	0.1521	0.0053	0.1274	0	0
2008	Santa Ana College	31895	0.3393	0.0246	0.4142	0.0057	0.1009	0	0
2008	American River College	31736	0.5277	0.0933	0.1167	0.0117	0.1345	0	0
2008	Riverside Community College	31571	0.3346	0.109	0.3808	0.0077	0.0793	0	0
2008	California State University (Long Beach)	31570	0.3043	0.0539	0.2805	0.0062	0.1171	0	0
2008	Indiana University (Bloomington)	31087	0.8207	0.0455	0.025	0.0026	0.0659	0	0
2008	Brigham Young University	30912	0.8667	0.0048	0.0408	0.0056	0.0413	0	0
2009	University of Phoenix (Online Campus)	235028	0.4355	0.171	0.0644	0.0092	0.3018	0	0
2009	Kaplan University	66322	0.0067	0.002	0.0013	0.0035	0.9862	0	0.0004
2009	Arizona State University	53902	0.6388	0.0509	0.1614	0.0223	0.0658	0	0
2009	Miami Dade College	51369	0.0775	0.1688	0.6956	0.0009	0.0462	0	0
2009	University of Central Florida	44957	0.6556	0.0909	0.1508	0.0041	0.0412	0	0
2009	Houston Community College	43171	0.1925	0.2537	0.2908	0.0025	0.1601	0	0
2009	Ashford University	42668	0.5392	0.2844	0.0836	0.013	0.0478	0.0117	0.016
2009	Ohio State University	40178	0.792	0.0658	0.0268	0.0034	0.0585	0	0
2009	Tarrant County College District	39719	0.5437	0.1681	0.2094	0.0046	0.0124	0	0
2009	Texas A&M University	38722	0.7483	0.0322	0.145	0.006	0.0178	0	0
2009	Northern Virginia Community College	38077	0.4137	0.1743	0.1473	0.1428	0.1078	0.0059	0.0006
2009	Pennsylvania State University	37855	0.7806	0.0361	0.0425	0.0494	0.0748	0.0008	0.015
2009	The University of Texas at Austin	37464	0.5325	0.0494	0.1857	0.0045	0.0449	0	0
2009	Strayer University	37042	0.2653	0.5596	0.0382	0.0054	0.1078	0	0
2009	Lone Star College System	36584	0.4528	0.1374	0.2648	0.0046	0.0754	0	0
2009	Michigan State University	36025	0.7502	0.0811	0.0289	0.0068	0.0812	0	0
2009	College of Southern Nevada	34146	0.4271	0.1184	0.2499	0.0831	0.0654	0.0089	0.0207
2009	Excelsior College	33306	0.6044	0.2002	0.0723	0.0382	0.0552	0.0083	0.0177
2009	Pima Community College	33232	0.4761	0.0408	0.2919	0.028	0.1302	0	0
2009	University of Florida	33038	0.6092	0.104	0.156	0.0056	0.0373	0	0
2009	Broward College	32762	0.2662	0.3091	0.3127	0.0028	0.0714	0	0
2009	American River College	32626	0.4729	0.0881	0.163	0.0915	0.1262	0.0099	0.0394
2009	Purdue University	32167	0.7924	0.0344	0.0287	0.005	0.0875	0	0
2009	Indiana University (Bloomington)	32000	0.8067	0.0463	0.0262	0.0026	0.0753	0	0
2009	Valencia College	31845	0.3797	0.1697	0.2821	0.0029	0.118	0	0
2010	University of Phoenix (Online Campus)	253594	0.4214	0.1673	0.065	0.0098	0.3149	0.0088	0.0063
2010	Kaplan University	67973	0.0449	0.0191	0.0015	0.0025	0.9299	0.001	0.0007
2010	Miami Dade College	57294	0.0722	0.1727	0.6989	0.009	0.0442	0.0006	0.0018
2010	Ashford University	56977	0.5221	0.3159	0.0842	0.0126	0.0285	0.0107	0.0204
2010	Arizona State University	56232	0.6216	0.052	0.1785	0.0578	0.0559	0.0202	0.0126
2010	University of Central Florida	47225	0.6385	0.0962	0.1698	0.0557	0.0274	0.0036	0.0077
2010	Houston Community College	46713	0.1842	0.2809	0.3044	0.0988	0.117	0.0023	0.0095
2010	Tarrant County College District	44132	0.5135	0.1783	0.2245	0.0603	0.0158	0.0049	0.0019
2010	Lone Star College System	43493	0.4252	0.1591	0.2771	0.0645	0.0695	0.0046	0
2010	Northern Virginia Community College	41294	0.4032	0.1731	0.1634	0.1422	0.0937	0.0049	0.0117
2010	Ohio State University	40851	0.7777	0.064	0.0283	0.0529	0.0676	0.003	0.0065
2010	Texas A&M University (College Station)	39049	0.7253	0.0291	0.1591	0.0452	0.0156	0.0038	0.0205
2010	Pennsylvania State University	37830	0.7671	0.039	0.0459	0.0483	0.0807	0.0007	0.0178
2010	The University of Texas at Austin	37689	0.5145	0.0472	0.1953	0.1796	0.049	0.004	0.0101
2010	College of Southern Nevada	36085	0.4309	0.1181	0.254	0.0842	0.0534	0.0079	0.0267
2010	Broward College	35994	0.2513	0.325	0.3196	0.0313	0.0624	0.002	0.0072
2010	Michigan State University	35628	0.7389	0.0747	0.0316	0.0436	0.0904	0.0043	0.0159
2010	Liberty University	35121	0.5397	0.1313	0.0306	0.0076	0.2839	0.0044	0.0007
2010	Valencia College	34795	0.3679	0.1754	0.3043	0.0426	0.095	0.0029	0.0095
2010	Austin Community College	34296	0.5332	0.0869	0.2567	0.0486	0.0589	0.0099	0.0051
2010	Pima Community College	33929	0.4178	0.0389	0.3254	0.0235	0.151	0.0244	0.0171
2010	Florida International University	32953	0.1253	0.1201	0.6533	0.0314	0.061	0.0009	0.0073
2010	University of Florida	32043	0.5885	0.0947	0.1668	0.0837	0.0439	0.0039	0.0173
2010	Purdue University	31936	0.7462	0.0349	0.0307	0.0514	0.1258	0.0035	0.0069
2010	Indiana University (Bloomington)	31892	0.781	0.045	0.0338	0.0389	0.0833	0.0019	0.0153
2011	University of Phoenix (Online Campus)	249604	0.4222	0.1859	0.0748	0.01	0.2756	0.0093	0.0158
2011	Ashford University	66864	0.4985	0.3405	0.0874	0.0114	0.0225	0.0108	0.0229
2011	Miami Dade College	59570	0.071	0.1648	0.7078	0.009	0.044	0.0005	0.0022
2011	Arizona State University	58184	0.6112	0.0519	0.1872	0.0575	0.0497	0.0188	0.0217
2011	Lone Star College System	56756	0.3799	0.1737	0.3042	0.0587	0.0609	0.004	0.0186
2011	Houston Community College	53333	0.1636	0.3277	0.2937	0.0964	0.102	0.0021	0.0114
2011	University of Central Florida	49559	0.6114	0.0997	0.1895	0.0552	0.0231	0.0033	0.0159
2011	Kaplan University	45758	0.2598	0.1177	0.0376	0.0067	0.5665	0.0086	0.0002
2011	Tarrant County College District	45102	0.4803	0.1944	0.2379	0.0596	0.0168	0.0055	0.0038
2011	Northern Virginia Community College	42808	0.3879	0.1811	0.1791	0.1436	0.0755	0.0039	0.0219
2011	Ohio State University	41709	0.7606	0.0624	0.0309	0.052	0.0775	0.0023	0.014
2011	Texas A&M University (College Station)	39740	0.7102	0.0292	0.1694	0.0473	0.0162	0.0034	0.0232
2011	Liberty University	39484	0.5743	0.1979	0.036	0.0076	0.1559	0.0051	0.0215
2011	American Public University System	38606	0.5417	0.2334	0.0981	0.0165	0.0613	0.0123	0.0292
2011	Pennsylvania State University	38229	0.7497	0.0425	0.0505	0.0504	0.0864	0.001	0.019
2011	Broward College	37774	0.2345	0.3372	0.3287	0.0306	0.0541	0.0019	0.011
2011	The University of Texas at Austin	37725	0.5016	0.046	0.2011	0.1787	0.0512	0.0031	0.0178
2011	Austin Community College	36264	0.5001	0.0874	0.2868	0.0453	0.0606	0.0091	0.0095
2011	Michigan State University	36158	0.725	0.072	0.0342	0.0424	0.1031	0.0036	0.019
2011	Valencia College	36049	0.3568	0.1857	0.3183	0.0406	0.0766	0.0029	0.0164
2011	Florida International University	35004	0.1157	0.1171	0.662	0.0291	0.0578	0.001	0.0162
2011	Excelsior College	33897	0.6063	0.2131	0.0836	0.0314	0.035	0.0074	0.0186
2011	East Los Angeles College	33305	0.0667	0.0408	0.6251	0.1175	0.1436	0.0021	0.0026
2011	Pima Community College	33110	0.4531	0.0511	0.3662	0.0293	0.0395	0.0293	0.0279
2011	Indiana University (Bloomington)	32041	0.7624	0.0429	0.0379	0.0384	0.0958	0.0015	0.0202
2012	University of Phoenix (Online Campus)	205286	0.3944	0.1778	0.0788	0.0101	0.3048	0.0086	0.0195
2012	Ivy Tech Community College	91112	0.7307	0.152	0.0487	0.0119	0.0347	0.0045	0.0175
2012	Ashford University	68874	0.4853	0.349	0.0917	0.0108	0.0201	0.0102	0.0264
2012	Miami Dade College	62050	0.0691	0.1687	0.7045	0.0093	0.0443	0.0008	0.0029
2012	Arizona State University	59183	0.5988	0.0506	0.1937	0.0582	0.0493	0.0169	0.0298
2012	Lone Star College System	57761	0.3588	0.1892	0.3219	0.0556	0.0461	0.0034	0.025
2012	University of Central Florida	50621	0.5925	0.1016	0.2026	0.0546	0.0198	0.0025	0.0241
2012	Houston Community College	50011	0.1587	0.3175	0.2992	0.0956	0.1117	0.0019	0.0128
2012	Liberty University	45781	0.5008	0.1739	0.0242	0.0073	0.2672	0.005	0.0197
2012	Tarrant County College District	44795	0.4538	0.196	0.26	0.0572	0.0153	0.0053	0.0106
2012	Northern Virginia Community College	44595	0.3811	0.186	0.1895	0.1443	0.0616	0.0033	0.028
2012	American Public University System	44133	0.5547	0.2243	0.1053	0.0179	0.0487	0.0063	0.0317
2012	Ohio State University	41877	0.7421	0.0618	0.0313	0.0526	0.0887	0.002	0.0208
2012	Texas A&M University (College Station)	39950	0.6941	0.0287	0.1818	0.0492	0.0157	0.003	0.0266
2012	The University of Texas at Austin	39215	0.4887	0.0444	0.2098	0.1779	0.0505	0.0027	0.0252
2012	Pennsylvania State University	38547	0.734	0.043	0.0535	0.0518	0.0935	0.0009	0.0226
2012	Kaplan University	37888	0.4196	0.2021	0.0612	0.0113	0.2882	0.0133	0.0001
2012	Excelsior College	37707	0.5959	0.2269	0.0826	0.0308	0.0316	0.0069	0.0203
2012	Broward College	37622	0.2213	0.3328	0.339	0.0288	0.0598	0.0018	0.014
2012	Michigan State University	36976	0.7135	0.0679	0.0356	0.0417	0.117	0.0027	0.021
2012	Florida International University	36244	0.1086	0.1194	0.6651	0.028	0.0601	0.0009	0.0166
2012	Valencia College	35728	0.3477	0.1864	0.3319	0.0397	0.0673	0.0031	0.0202
2012	Austin Community College	34602	0.4756	0.0861	0.2939	0.0466	0.0738	0.0079	0.0145
2012	East Los Angeles College	34015	0.083	0.0529	0.6054	0.1115	0.1403	0.0019	0.0027
2012	Everest University (South Orlando)	33635	0.342	0.4878	0.0549	0.0034	0.0675	0.0092	0.0324
2013	University of Phoenix (Online Campus)	166816	0.3718	0.1735	0.0817	0.0101	0.3312	0.0064	0.0191
2013	Ivy Tech Community College	87017	0.7216	0.1525	0.0462	0.0131	0.0364	0.0043	0.0259
2013	Miami Dade College	61684	0.0639	0.168	0.6725	0.0089	0.0822	0.0007	0.003
2013	Houston Community College	57742	0.1514	0.3104	0.3169	0.0944	0.1083	0.002	0.0141
2013	Lone Star College System	56288	0.3416	0.1817	0.3466	0.0612	0.038	0.0031	0.0279
2013	University of Central Florida	50919	0.5718	0.1056	0.2158	0.0559	0.0172	0.0022	0.029
2013	Ashford University	50403	0.4827	0.3471	0.0935	0.0109	0.0209	0.0099	0.0278
2013	Liberty University	47079	0.4844	0.1559	0.0181	0.0068	0.3065	0.005	0.0216
2013	Northern Virginia Community College	44592	0.3672	0.1904	0.2007	0.1466	0.0536	0.0026	0.033
2013	Texas A&M University (College Station)	43931	0.6791	0.0275	0.1964	0.0495	0.0149	0.0029	0.0288
2013	Tarrant County College District	43464	0.4332	0.1963	0.275	0.057	0.0165	0.005	0.015
2013	Ohio State University	43139	0.7233	0.0598	0.0338	0.0539	0.1006	0.0016	0.0263
2013	American Public University System	42460	0.5445	0.2396	0.0997	0.0162	0.051	0.0067	0.0332
2013	Kaplan University	40209	0.4823	0.2867	0.0805	0.0135	0.1196	0.0122	0
2013	Pennsylvania State University	39460	0.7213	0.0427	0.0546	0.0546	0.1022	0.0007	0.0232
2013	The University of Texas at Austin	39323	0.4754	0.0429	0.2182	0.1792	0.0497	0.0022	0.0314
2013	Broward College	39162	0.2048	0.3477	0.3383	0.0271	0.0619	0.0018	0.016
2013	Arizona State University at the Tempe Campus	38480	0.5755	0.0398	0.1853	0.0677	0.0781	0.0136	0.0376
2013	Florida International University	38234	0.1007	0.1221	0.6705	0.0269	0.0596	0.0008	0.018
2013	Michigan State University	37622	0.6967	0.0674	0.036	0.0423	0.1309	0.0022	0.024
2013	Excelsior College	37440	0.5913	0.2202	0.086	0.0312	0.0362	0.0063	0.023
2013	Western Governors University	35493	0.7314	0.0869	0.0725	0.0343	0.0332	0.007	0.0298
2013	Valencia College	34819	0.3347	0.1834	0.3396	0.0412	0.0706	0.0031	0.023
2013	Grand Canyon University	34643	0.4427	0.2075	0.1452	0.0437	0.1221	0.009	0.0252
2013	California State University (Northridge)	33581	0.2575	0.0623	0.4029	0.1123	0.1272	0.0017	0.0335